Steps,Policy/Entropy,Policy/Learning Rate,Policy/Extrinsic Value Estimate,Policy/Curiosity Value Estimate,Environment/Cumulative Reward,Environment/Episode Length,Policy/Extrinsic Reward,Policy/Curiosity Reward
11900000,1.139288,6.210235e-05,1.0965103,0.034648314,1.1499237045645714,114.0,1.149923712015152,0.0
11910000,1.139288,6.1894345e-05,1.1086731,0.034950785,1.9806884750723839,176.0,1.9806884825229645,0.0
11920000,1.1391658,6.170282e-05,1.1045519,0.032975167,2.714599770546522,247.0,2.7145997701950795,0.03496673784904041
11930000,1.1390303,6.150457e-05,1.1018748,0.03275608,1.425251241773367,141.5,1.4252512454986572,0.045464407186955214
11940000,1.1388872,6.129462e-05,1.102002,0.033372164,2.6695435874768205,244.45945945945945,2.669543586067251,0.0839698095176671
11950000,1.1388025,6.1109764e-05,1.1040112,0.033294342,2.748317487644298,246.0,2.7483174886022295,0.08166418756757464
11960000,1.1386052,6.09083e-05,1.1028214,0.033366125,2.6183291047408774,240.97297297297297,2.6183291037340424,0.07800605447610488
11970000,1.1385771,6.0707596e-05,1.1057131,0.033433665,2.674032211303711,246.0,2.674032211303711,0.07812096644192934
11980000,1.1384164,6.0517283e-05,1.1072261,0.033430997,2.750534582350935,246.0142857142857,2.750387775725213,0.07849338750584402
11990000,1.1382203,6.0316557e-05,1.1019628,0.033221584,2.749473482784298,246.0,2.7497759380856075,0.0803666982447376
12000000,1.1381408,6.0136612e-05,1.1049157,0.033300392,2.7596041361490884,246.0,2.7596041361490884,0.09111749473959208
12010000,1.1380166,5.9916278e-05,1.1037343,0.0336126,2.7080656193340054,245.2596153846154,2.708065619477286,0.08415455547555421
12020000,1.1379143,5.9707203e-05,1.0977153,0.033467893,1.7388230115175247,161.0,1.7388230140010517,0.05425513434844712
12030000,1.1377355,5.9495884e-05,1.1000291,0.03402597,2.6859736232773255,244.76315789473685,2.6110603415540288,0.0763499980260219
12040000,1.1377288,5.9290636e-05,1.1037029,0.03384464,2.710812587129033,243.30434782608697,2.7083564385771752,0.0832960887812078
12050000,1.1375799,5.9087204e-05,1.1052952,0.034390774,2.7677743484576545,246.0,2.7677743633588157,0.08292700412372749
12060000,1.1374358,5.8887654e-05,1.1075547,0.034389626,2.7504417128126386,245.50704225352112,2.740915129759482,0.08764721547985184
12070000,1.1373541,5.8702542e-05,1.1029866,0.033860285,2.738918846845627,246.0,2.7530454808473586,0.08631387894973158
12080000,1.1372621,5.8487574e-05,1.1096667,0.034025487,2.8018815461546183,246.0,2.8018815517425537,0.08609257102943957
12090000,1.1371946,5.8292426e-05,1.1090108,0.03394339,2.7753472779540047,246.0,2.775347276010375,0.08267389456539051
12100000,1.137093,5.810304e-05,1.1056707,0.0341873,2.7402429897870335,246.02857142857144,2.740242988722665,0.08176568397986038
12110000,1.1370678,5.7885172e-05,1.1092904,0.03453651,2.725118266124474,246.0,2.725118266124474,0.08376168621409881
12120000,1.1369742,5.769372e-05,1.1090269,0.034337778,2.742462611373733,246.0,2.742462612250272,0.0855703763115932
12130000,1.1368604,5.7499048e-05,1.1083608,0.034312975,2.770825157040044,246.0,2.787881560623646,0.08228578934601198
12140000,1.1367357,5.7293237e-05,1.1101142,0.034463037,2.45427905023098,246.0,2.7056722939014435,0.08579786407062784
12150000,1.1365474,5.709977e-05,1.1128688,0.034513097,2.7438179810038386,246.0,2.7438179797985973,0.08533193927039118
12160000,1.136424,5.689931e-05,1.107909,0.03435183,2.7028730364564137,242.84615384615384,2.7028730364564137,0.08157980014593938
12170000,1.1361431,5.6709592e-05,1.111585,0.03440894,2.6936829015612602,246.0,2.693682909011841,0.0800593881867826
12180000,1.1361419,5.6511428e-05,1.1146222,0.03467617,2.7106570927974056,244.57843137254903,2.7131822322096144,0.08139229656140111
12190000,1.135991,5.6311586e-05,1.1095386,0.03420645,2.776350647211075,246.0,2.6913110117117562,0.07958803744986653
12200000,1.135955,5.611442e-05,1.1112615,0.034584988,2.5401628113218715,230.42857142857142,2.5401628049356595,0.08670225872525147
12210000,1.1358374,5.5907112e-05,1.1126971,0.03409055,2.7772340009361507,246.63,2.7772340005636216,0.08579505446366965
12220000,1.1358001,5.571043e-05,1.1123267,0.034247685,2.6325777818759284,246.66666666666666,2.6325777769088745,0.0932702614615361
12230000,1.1355803,5.5513705e-05,1.1150501,0.034748375,2.7141636517353174,243.2439024390244,2.7141636499181025,0.0827542088880408
12240000,1.1354454,5.5308905e-05,1.1118109,0.03470295,2.718661718768999,246.015625,2.718661718070507,0.08987892595177982
12250000,1.1354067,5.5131233e-05,1.1143509,0.035182443,2.4694465460876622,223.66666666666666,2.3705861389636995,0.06369860004633665
12260000,1.1352953,5.49215e-05,1.1130488,0.034587912,2.7205879173018563,244.01408450704224,2.7247825988701413,0.08135221556437258
12270000,1.1352872,5.471864e-05,1.1129491,0.03455924,2.7106513696057455,242.14285714285714,2.7152403649585,0.0812549266225562
12280000,1.1351058,5.449722e-05,1.1163547,0.03486004,2.7633402804402927,246.0,2.763340280244225,0.08286927804644954
12290000,1.1349587,5.4282962e-05,1.1133202,0.034588125,2.7388598743214536,245.3582089552239,2.747162876951118,0.08114737416842892
12300000,1.1349298,5.4091885e-05,1.1142257,0.034144673,2.780302554368973,246.0,2.714666247367859,0.07953431584279645
12310000,1.1347921,5.388551e-05,1.1161568,0.034194544,2.7171111572533846,244.11111111111111,2.717111157046424,0.08362946819720997
12320000,1.1347454,5.368907e-05,1.1192604,0.034279194,2.755124031142755,246.0151515151515,2.755124032497406,0.08310422354914022
12330000,1.1345248,5.348478e-05,1.1134552,0.03415553,2.766791950519148,246.0,2.766791953852302,0.08080982809004031
12340000,1.1345178,5.3286796e-05,1.1143781,0.034254864,2.770135079820951,246.0,2.77013506491979,0.08881671167910099
12350000,1.1343424,5.30952e-05,1.1153586,0.0343312,2.7239333417798792,245.70408163265307,2.702036466253431,0.08459390137393616
12360000,1.134233,5.289396e-05,1.1155521,0.034058202,2.603814497590065,246.25,2.7694597771534553,0.08748622414154503
12370000,1.1341865,5.2701034e-05,1.1163433,0.03433427,2.551713124745422,230.44444444444446,2.5517131313681602,0.07766911201179028
12380000,1.1340992,5.2491625e-05,1.1171294,0.03416961,2.753735575824976,246.0204081632653,2.7537355745325285,0.0811873453441171
12390000,1.1340882,5.2294563e-05,1.1149747,0.034050465,2.670274816453457,246.0,2.6702748388051987,0.06754083978012204
12400000,1.1339434,5.211363e-05,1.1158247,0.03461603,2.7025848282944587,242.21428571428572,2.67228970729879,0.08248524058477155
12410000,1.1338611,5.1904954e-05,1.1190531,0.03424709,2.771747524807086,246.0,2.7702283534822585,0.08253361907186388
12420000,1.133768,5.1710995e-05,1.1237248,0.034350894,2.5938667953014374,246.0,2.5938668251037598,0.07392116449773312
12430000,1.133697,5.151963e-05,1.1220678,0.034343977,2.771474295230799,246.04651162790697,2.77147429488426,0.08439223498625811
12440000,1.1336185,5.1313786e-05,1.1196697,0.034266286,2.7394626412254115,242.69230769230768,2.739462640079168,0.08644940717002521
12450000,1.1334734,5.1126586e-05,1.1190408,0.034507904,2.6516373171596914,241.24324324324326,2.648463417051567,0.0832393747405149
12460000,1.1334522,5.0920393e-05,1.1142942,0.034580212,2.5075232550501823,232.33333333333334,2.523671653587371,0.08652926512877457
12470000,1.1333787,5.070522e-05,1.1223048,0.034298502,2.7386244629558765,246.01754385964912,2.738226506859064,0.08358479186426848
12480000,1.133304,5.0506434e-05,1.1207674,0.034594458,2.713841135727196,243.8780487804878,2.7111451689426493,0.0833099431517284
12490000,1.1332195,5.0309656e-05,1.1236713,0.03489704,2.7632504135610594,246.83870967741936,2.7633697885577964,0.08309424897434853
12500000,1.1331195,5.0102135e-05,1.1197574,0.03473986,2.7532780519441555,246.0,2.756636158341453,0.08749737577246768
12510000,1.1330851,4.9893588e-05,1.1197077,0.034790304,2.608702227473259,233.69230769230768,2.608702226327016,0.0845067839926252
12520000,1.133026,4.9691087e-05,1.1207759,0.035057988,2.709848769986239,245.0983606557377,2.709848771696208,0.08611247795404958
12530000,1.1329609,4.948704e-05,1.1156603,0.034852285,2.690110875054812,242.69230769230768,2.6901108714250417,0.08282557074935773
12540000,1.1328973,4.928639e-05,1.1196542,0.035369657,2.5306518830358984,235.8,2.5306518875062465,0.07418136890046298
12550000,1.1328063,4.9087183e-05,1.1181788,0.035018373,2.7333313023428554,246.0108695652174,2.7333313019379326,0.08588710204576669
12560000,1.1327856,4.8887887e-05,1.1153829,0.034646653,2.7682924419641495,246.0,2.7682924440928867,0.07855151061500822
12570000,1.1326512,4.870385e-05,1.119385,0.034961853,2.7331833920401074,246.02173913043478,2.712648745626211,0.08032979309791699
12580000,1.1325608,4.848783e-05,1.1191062,0.034980156,2.7336588003512086,246.0,2.7372303029352967,0.08479147613979876
12590000,1.1324617,4.8290447e-05,1.1209414,0.03522422,2.776172697544098,246.0,2.776172697544098,0.07792292907834053
12600000,1.1323766,4.8096706e-05,1.1214911,0.035052937,2.7237056517537606,244.06382978723406,2.7237056511196682,0.0787136458712531
12610000,1.1323069,4.7892503e-05,1.1201476,0.034681004,2.755867926828694,246.0,2.7558679277436777,0.08140077840602189
12620000,1.1322324,4.7707777e-05,1.1195946,0.03477772,2.5894937448394604,236.94871794871796,2.5298353362342585,0.08102977417571389
12630000,1.1322191,4.7500067e-05,1.1201285,0.03456248,2.767896045176756,246.02380952380952,2.7429502891997495,0.08057811619558682
12640000,1.1321963,4.7296933e-05,1.1177773,0.034381177,2.6618201804657775,235.6,2.6812167219817638,0.07719749952666462
12650000,1.1321747,4.711269e-05,1.1204402,0.034474734,2.7332753729075194,246.775,2.733275371789932,0.08263192970771342
12660000,1.1321347,4.690477e-05,1.1192082,0.034874145,2.7122760188094404,240.0,2.7122760198490563,0.08470156492643752
12670000,1.1320575,4.6712117e-05,1.1178254,0.03508165,2.751507108898035,245.89285714285714,2.751507107168436,0.08488286441258554
12680000,1.1320428,4.6516452e-05,1.1221627,0.035023905,2.7130476096644998,246.125,2.713047608733177,0.0869091817876324
12690000,1.1319599,4.6306806e-05,1.1199343,0.035082765,2.692520425805161,243.17741935483872,2.6811269766722736,0.08324067710110775
12700000,1.131935,4.6104844e-05,1.117057,0.034916047,2.733399999492309,246.08823529411765,2.7375741736455397,0.0834647302981466
12710000,1.1318798,4.5903063e-05,1.1201234,0.03547855,2.6793017409303608,238.64705882352942,2.6793017404920914,0.07239263707443196
12720000,1.1318277,4.569065e-05,1.1172411,0.03522442,2.75653714502559,245.51764705882354,2.7565371448502822,0.07925137511509306
12730000,1.1318076,4.5494027e-05,1.1183425,0.034877736,2.6477720295744285,233.07142857142858,2.619446885127288,0.07094720994623807
12740000,1.1317676,4.529381e-05,1.1185864,0.03493842,2.7796341737111407,246.06666666666666,2.7944069653749466,0.07690780860139057
12750000,1.1317023,4.5089633e-05,1.115054,0.03489115,2.78404403619823,245.5,2.784044036819112,0.07973341190344876
12760000,1.1316032,4.4899163e-05,1.1142931,0.034772098,2.550283628205458,231.41666666666666,2.5502836325516305,0.07717620711385582
12770000,1.1315376,4.4696353e-05,1.1208656,0.034638196,2.7725097769221594,246.09302325581396,2.772509777268698,0.07838974687335797
12780000,1.1314954,4.4484612e-05,1.1065724,0.034678817,2.633718973446277,235.91935483870967,2.633718974407642,0.07590092020109296
12790000,1.1314386,4.4293414e-05,1.1157156,0.034263212,2.77047535266195,246.05714285714285,2.7684429235318126,0.0820953015183263
12800000,1.1313994,4.40992e-05,1.114022,0.03435552,2.7772420240300044,246.04761904761904,2.7857477636564347,0.08377925767785027
12810000,1.1313133,4.3896292e-05,1.1180016,0.03446567,2.7761597269267404,246.0,2.7740263497387923,0.0853223121656036
12820000,1.1312584,4.3701926e-05,1.1163197,0.03437561,2.7648538685270716,246.02857142857144,2.764853869165693,0.08164621767188822
12830000,1.1312144,4.349293e-05,1.1186861,0.034373846,2.704357144949229,241.52173913043478,2.661150163412094,0.0801302581715087
12840000,1.1311394,4.3292515e-05,1.117721,0.034261752,2.7920102212164135,246.0185185185185,2.7904925099440985,0.07865096583430256
12850000,1.1311107,4.30985e-05,1.1136223,0.034265913,2.6479858880241713,238.85714285714286,2.6479858908624876,0.07849656138569117
12860000,1.1310616,4.2894862e-05,1.1171892,0.034170814,2.7104712546699576,246.0,2.7104712542560367,0.08032636044340001
12870000,1.1310214,4.2715124e-05,1.1137375,0.034169104,2.7425882149901657,244.2962962962963,2.742588214714218,0.08661296078935266
12880000,1.1309931,4.250455e-05,1.1217791,0.034096885,2.8032891646027567,246.05,2.80328916311264,0.08176330523565412
12890000,1.1309162,4.229264e-05,1.1241518,0.033673335,2.7852255908772348,246.2875,2.7808582394019417,0.07830385893475318
12900000,1.1309031,4.211234e-05,1.1208495,0.033523463,2.7804167098365724,246.0625,2.793536892643681,0.0793057964010923
12910000,1.1307957,4.190433e-05,1.1267505,0.03372457,2.6950021766953998,246.05555555555554,2.724793314933777,0.07777000503504977
12920000,1.1307187,4.1701376e-05,1.127196,0.03339944,2.758794620826647,246.01298701298703,2.7513576088013587,0.07968529490391155
12930000,1.1306192,4.1511965e-05,1.124319,0.033252504,2.779607036972747,246.1764705882353,2.77858457631535,0.0847598584368825
12940000,1.1304883,4.1302068e-05,1.1287724,0.033431165,2.6807993788272144,241.1,2.6807993782684205,0.07836910386104137
12950000,1.1304531,4.110334e-05,1.1283125,0.033221785,2.798731676116586,246.1,2.7987316767374675,0.07729500991602739
12960000,1.1303403,4.090733e-05,1.1293412,0.03310187,2.7580355538262262,246.02777777777777,2.7559014156460764,0.079543039156124
12970000,1.1302786,4.0697523e-05,1.1309444,0.0330924,2.7807618199210418,246.05263157894737,2.7687531727201797,0.08151479446164825
12980000,1.1301534,4.049709e-05,1.1300724,0.03285671,2.7575262587132126,246.05172413793105,2.7594007001084795,0.08160771464266009
12990000,1.1300274,4.029323e-05,1.1304791,0.033210855,2.7361089249607176,246.0625,2.7361089289188385,0.0825978173816111
13000000,1.1299995,4.0100513e-05,1.1300431,0.033445098,2.799923049509525,245.72,2.799923051595688,0.08112410634756088
13010000,1.1299345,3.9910097e-05,1.1300826,0.033429824,2.80115416949909,246.01315789473685,2.8011541680285803,0.08204717833646819
13020000,1.129913,3.969949e-05,1.1303065,0.033551987,2.6601317476700332,240.23529411764707,2.691743105184287,0.07855621600174345
13030000,1.1298724,3.949597e-05,1.1342478,0.033956368,2.814468055418352,244.82926829268294,2.7633339404486694,0.07851602130820258
13040000,1.1298066,3.9293478e-05,1.1342708,0.033770707,2.7979808446985706,246.0185185185185,2.811311764376504,0.08119250964373351
13050000,1.1297755,3.9087197e-05,1.1372609,0.033762433,2.8250435411930086,246.1,2.8250435411930086,0.08143289252184331
13060000,1.1297091,3.8899103e-05,1.1392654,0.033547495,2.8105615182564807,246.55128205128204,2.8206777006892834,0.07792093448530314
13070000,1.129656,3.8699945e-05,1.1363193,0.033405866,2.7588266537469974,246.05882352941177,2.7695518682400384,0.07792058261111379
13080000,1.1295966,3.848846e-05,1.1311511,0.033732176,2.6679520599544047,236.85,2.6679520603269338,0.08097315456834622
13090000,1.1295016,3.8299513e-05,1.1335691,0.033215195,2.714847723273812,245.9189189189189,2.7148477229717614,0.08043884490994183
13100000,1.1294774,3.8097576e-05,1.1303836,0.03303207,2.761881062466847,245.73684210526315,2.761881058153353,0.08093455227974214
13110000,1.1294253,3.7887865e-05,1.1310627,0.033554368,2.723116711566323,246.02631578947367,2.7231167099977793,0.08242746964587193
13120000,1.1294041,3.770269e-05,1.122286,0.03370835,2.7540748468760787,243.98275862068965,2.7540748472614536,0.07975088137077521
13130000,1.1293733,3.749949e-05,1.127767,0.03363672,2.698015696834773,246.0,2.698015693575144,0.08555968856671825
13140000,1.1292979,3.7309208e-05,1.130501,0.033611022,2.8070943979798137,246.54054054054055,2.8070944016044206,0.0812012496580546
13150000,1.1292863,3.711194e-05,1.126779,0.033738833,2.764531380226535,243.69354838709677,2.7645313815484123,0.07558950853549064
13160000,1.1292354,3.6899957e-05,1.129329,0.033528857,2.7256712031085044,245.46875,2.7256712028756738,0.0809879181033466
13170000,1.1292076,3.670925e-05,1.1227707,0.03357617,2.7595462933755837,244.23076923076923,2.7645843490958213,0.07745266404002905
13180000,1.1291637,3.6507292e-05,1.1302432,0.033455215,2.7706855566302937,246.04,2.7662986632188162,0.08052752370635669
13190000,1.1291053,3.630423e-05,1.1222593,0.033476308,2.6356815254936614,231.91666666666666,2.6608300226239057,0.07180036024118845
13200000,1.1290882,3.6117624e-05,1.1274137,0.03342356,2.7526740388109765,242.75862068965517,2.7526740357279778,0.07666214288950994
13210000,1.1290244,3.591668e-05,1.1263933,0.03292049,2.774563288206563,245.97058823529412,2.7745632866726204,0.0759965098079513
13220000,1.1289937,3.5708294e-05,1.1267211,0.03300179,2.7619956812780835,246.17391304347825,2.7700988975438205,0.0830106465569274
13230000,1.1289587,3.550215e-05,1.1228039,0.03301235,2.715766143900427,245.1590909090909,2.7128318950533865,0.08019604665330715
13240000,1.1288866,3.5298806e-05,1.1250577,0.03316698,2.7449055252969266,242.24,2.739535635223194,0.07868786931646113
13250000,1.1288604,3.5102028e-05,1.1274834,0.033289813,2.797427262948907,246.1304347826087,2.803166739318682,0.08094516550393208
13260000,1.1287944,3.490336e-05,1.1255614,0.033203214,2.7536718882095648,245.59154929577466,2.755371200852096,0.08271965574628364
13270000,1.1287516,3.4702578e-05,1.1198463,0.03356396,2.723755759949034,240.8181818181818,2.7237557616423476,0.08134008382066069
13280000,1.12872,3.4500477e-05,1.1258895,0.033720076,2.7091187358294664,242.39473684210526,2.7091187356333983,0.08179359834053014
13290000,1.1286421,3.4292258e-05,1.1226095,0.03342763,2.7882551688511494,245.27118644067798,2.788255168598587,0.07807098631352438
13300000,1.1286181,3.4091034e-05,1.1239029,0.03342184,2.7599564645635453,246.0,2.759956463387138,0.08079036232084036
13310000,1.1285703,3.389799e-05,1.1224337,0.0336183,2.673966779453414,239.68571428571428,2.6739667796662876,0.08102636632642575
13320000,1.1285098,3.369941e-05,1.1240929,0.03357648,2.73684863663382,243.8095238095238,2.736848638644294,0.08040300558602052
13330000,1.128438,3.350254e-05,1.125436,0.03348398,2.8004468982589654,246.13793103448276,2.800446900828131,0.07733141303319356
13340000,1.1283425,3.3302793e-05,1.1275222,0.03335712,2.7483763925490843,246.16129032258064,2.7483763925490843,0.0763188219899612
13350000,1.1283135,3.309066e-05,1.1249216,0.033474058,2.7445674949071623,244.3090909090909,2.7445674961263484,0.07463174172761765
13360000,1.128275,3.2887634e-05,1.1234668,0.033421565,2.725789469232162,241.4,2.725789471467336,0.07898140382021665
13370000,1.1282411,3.270116e-05,1.1225617,0.033377223,2.7498742730822414,244.53125,2.749874274013564,0.0755754339552368
13380000,1.1282129,3.249987e-05,1.1254605,0.033248127,2.7762449447426105,245.53225806451613,2.776244944502269,0.07597391794045125
13390000,1.1281487,3.230733e-05,1.1253046,0.033099912,2.779515331238508,246.0,2.7795153319835664,0.0744987107347697
13400000,1.1281211,3.210623e-05,1.1230158,0.033202704,2.773531703397315,245.14893617021278,2.7719424752200523,0.07349195782231485
13410000,1.1280841,3.1899977e-05,1.1260138,0.032597765,2.782658253093155,246.0408163265306,2.7828473275358028,0.07729412298649549
13420000,1.1280625,3.170487e-05,1.1280429,0.0328432,2.677565459472438,236.95833333333334,2.6766943374405736,0.07956529117148856
13430000,1.1280508,3.1502535e-05,1.1284773,0.032897025,2.7601207435383635,244.84745762711864,2.755867549423444,0.07987141291910814
13440000,1.12801,3.130359e-05,1.122425,0.03300025,2.6960274694221362,240.8,2.694340796155088,0.07528106512173134
13450000,1.1279958,3.1105876e-05,1.107781,0.033384133,2.7676992697848215,243.38888888888889,2.76815980149282,0.08207697819012243
13460000,1.1279699,3.08992e-05,1.1203715,0.03283142,2.741976843898495,243.31666666666666,2.7632841174132547,0.07657637784723192
13470000,1.127944,3.070046e-05,1.1213759,0.033020888,2.8128862917423247,246.15,2.7587150951911665,0.07593784436326602
13480000,1.1279336,3.0505327e-05,1.1241472,0.03319155,2.812841044153486,246.05714285714285,2.812841044153486,0.07690496314316989
13490000,1.127827,3.0302628e-05,1.1242912,0.032870434,2.7639261061145413,244.32258064516128,2.760726927123109,0.07764280303457721
13500000,1.1278045,3.0102157e-05,1.1254811,0.03272498,2.6322675328701735,239.25,2.6435367886362404,0.07715251010938964
13510000,1.1277608,2.9895977e-05,1.1234552,0.032877546,2.734373635414875,246.12121212121212,2.734373636317976,0.08381944045311573
13520000,1.1276935,2.9693163e-05,1.1205804,0.032977104,2.726817696002023,244.17241379310346,2.726817694588982,0.07585324032296395
13530000,1.1276631,2.9502897e-05,1.1225306,0.032878567,2.764122560620308,246.07692307692307,2.762027549743652,0.0797727344930172
13540000,1.1275606,2.9304194e-05,1.1162852,0.033312004,2.73110558596604,244.58823529411765,2.7335453618850027,0.07583061197905668
13550000,1.1275213,2.9096753e-05,1.1255695,0.033101484,2.826370672881603,246.01666666666668,2.8263706703980764,0.07853366676717996
13560000,1.127468,2.8896955e-05,1.1259674,0.033118356,2.8483301933322633,246.0952380952381,2.848330191203526,0.07710327358827704
13570000,1.1274058,2.8698767e-05,1.128098,0.0331686,2.8033743555078634,246.1081081081081,2.803374358125635,0.0843808363267296
13580000,1.1273813,2.8501818e-05,1.1254728,0.03314933,2.6846992552280424,240.05,2.6846992572148642,0.07691696338976423
13590000,1.1272928,2.8301118e-05,1.128457,0.033206753,2.7422372937823334,246.08333333333334,2.742237294713656,0.08134632072566698
13600000,1.1272625,2.8094404e-05,1.1260401,0.03333747,2.7550708478316666,243.775,2.755070843361318,0.08143611270934344
13610000,1.1272299,2.7900387e-05,1.1245066,0.033272717,2.806629125104875,245.24489795918367,2.806629125561033,0.08247310812680089
13620000,1.1271906,2.7700033e-05,1.1319652,0.033528704,2.794147777701578,243.38709677419354,2.794147778662943,0.08558177914951116
13630000,1.1271677,2.7498256e-05,1.1256088,0.03369243,2.776925798435256,245.54716981132074,2.7769257981541022,0.08377610914461878
13640000,1.1270912,2.7305554e-05,1.1302902,0.03360606,2.7201461348984695,239.64864864864865,2.72014613892581,0.08112831600010395
13650000,1.1270661,2.7095382e-05,1.1350682,0.0335877,2.7582283821460365,246.02702702702703,2.7582283825487703,0.08323024900479091
13660000,1.1270388,2.6897169e-05,1.1347232,0.033530153,2.8256284597401438,246.03846153846155,2.8256284583073397,0.08067481570805494
13670000,1.127001,2.6709475e-05,1.1215607,0.0338648,2.6659303829073906,233.97222222222223,2.6659303810447454,0.07761029115257163
13680000,1.1269809,2.6500991e-05,1.133135,0.033694137,2.7834298682789647,246.09677419354838,2.7869611899058024,0.0779026910662651
13690000,1.1269559,2.6300795e-05,1.1318787,0.033643875,2.7719139962033794,245.45454545454547,2.7702278594619463,0.0840293652145192
13700000,1.1269416,2.6102134e-05,1.1318891,0.03367699,2.760739754284582,246.0,2.7607397533232167,0.08084129316792373
13710000,1.1269218,2.5895044e-05,1.1334493,0.033940416,2.7720595860951827,246.10526315789474,2.7668577013788997,0.08194490429013968
13720000,1.1268578,2.5697464e-05,1.1343335,0.033759285,2.789214723958419,246.03846153846155,2.7925225451307476,0.08053932869631164
13730000,1.126842,2.550655e-05,1.1326317,0.033664405,2.7605945551395417,246.12,2.7605945539474486,0.08279856339097023
13740000,1.1267679,2.5302168e-05,1.1350626,0.033862583,2.7736400922553406,246.11111111111111,2.7736400912205377,0.07648637300978105
13750000,1.126713,2.5095851e-05,1.1359385,0.033707183,2.810009703553956,246.05172413793105,2.810009703553956,0.07555473910580421
13760000,1.1266614,2.4898838e-05,1.1317348,0.03365568,2.6623246271449785,237.1153846153846,2.662324628864343,0.0730581647143341
13770000,1.1265666,2.4698407e-05,1.1291137,0.033600498,2.715997897461057,244.4,2.7159978983923794,0.07999347581644542
13780000,1.1265464,2.4500554e-05,1.1374496,0.033375237,2.8443648766498177,246.08163265306123,2.8443648748251857,0.07971761153288642
13790000,1.126481,2.4297267e-05,1.136313,0.03355121,2.72121610184168,239.44827586206895,2.71483158745936,0.07359995007781046
13800000,1.1264514,2.4094039e-05,1.1380972,0.033327408,2.8098185708603034,246.01923076923077,2.8266279030413854,0.07756532185400526
13810000,1.1264303,2.3901071e-05,1.1371589,0.03321428,2.7984435464206494,246.1315789473684,2.7884292042985255,0.0807077216972806
13820000,1.1263872,2.3700666e-05,1.1355069,0.03339856,2.7567027694348134,245.42424242424244,2.7567027680801623,0.08264214932128336
13830000,1.1263764,2.3501816e-05,1.1370394,0.033296563,2.776428006751382,246.06521739130434,2.775475005308787,0.07427150898923476
13840000,1.1263554,2.3306033e-05,1.1342623,0.033126373,2.73379019184245,244.2,2.735649385530016,0.07753126541881458
13850000,1.1263242,2.3100685e-05,1.1359842,0.033033323,2.825380845864614,246.1,2.825380845864614,0.07845818617691597
13860000,1.1263075,2.290219e-05,1.1346673,0.032889236,2.7908659453661935,246.0754716981132,2.7959091639032168,0.07937709186986393
13870000,1.1262081,2.2701486e-05,1.1346684,0.032963723,2.722478715812459,246.3235294117647,2.723174273183471,0.08510457998827885
13880000,1.1261704,2.2497275e-05,1.136591,0.03304612,2.7641095924191177,246.125,2.7570874421827254,0.08757055890295774
13890000,1.1261045,2.2300865e-05,1.1310107,0.033347726,2.7400537166616012,244.29310344827587,2.744151048109693,0.08388110087647782
13900000,1.1260632,2.2099446e-05,1.1322329,0.033289105,2.7766120963626437,246.11111111111111,2.7766120963626437,0.07955231262301957
13910000,1.1260358,2.1897375e-05,1.135246,0.03329789,2.7690543230209084,246.13888888888889,2.7690543234348297,0.07930952946965893
13920000,1.1259447,2.170164e-05,1.1354374,0.033125512,2.81832954568683,246.45283018867926,2.81832954568683,0.08202710480622526
13930000,1.1259209,2.1500055e-05,1.135141,0.03316346,2.8079605328459896,246.25806451612902,2.8079605352494026,0.07949342010843177
13940000,1.1258795,2.1299413e-05,1.1367884,0.03321585,2.821475117741262,245.7941176470588,2.8214751192752052,0.07525970236233928
13950000,1.1258262,2.1101734e-05,1.1363513,0.03306996,2.7925778133970387,246.0,2.79257781100723,0.08117750359101678
13960000,1.1257962,2.0900312e-05,1.1341783,0.032993898,2.768632914011295,246.19230769230768,2.7686329128650518,0.08529563928739382
13970000,1.1257532,2.0702562e-05,1.1369225,0.0329717,2.788503210355596,246.0731707317073,2.788503209265267,0.07872357435251881
13980000,1.1257346,2.0506948e-05,1.1338513,0.03299461,2.7534212974869474,246.0408163265306,2.7534212974869474,0.08026913741641507
13990000,1.1257019,2.0301472e-05,1.1316763,0.033027142,2.5726249379771096,236.6,2.56493610121748,0.07778572885538726
14000000,1.1256604,2.0098565e-05,1.1311444,0.03285168,2.704927642457187,241.575,2.7080768599379352,0.07941564020314594
14010000,1.1256367,1.9900228e-05,1.1323134,0.03275014,2.72667690789835,242.95454545454547,2.726676907051693,0.08267969807440584
14020000,1.1255876,1.9702757e-05,1.134359,0.033085193,2.8266016468405724,246.05555555555554,2.82660164601273,0.08567457822048002
14030000,1.1255687,1.950516e-05,1.1255482,0.03336731,2.754638836292897,244.08474576271186,2.759550439417362,0.08871937371790409
14040000,1.1255376,1.9300138e-05,1.1284292,0.033442114,2.6679247979973923,235.75862068965517,2.681999699849831,0.07843398626305555
14050000,1.1255147,1.9096373e-05,1.1297679,0.03356962,2.741694188074154,246.05882352941177,2.74169418741675,0.08215722011621385
14060000,1.1255035,1.8898905e-05,1.1286268,0.03364683,2.7366650455213826,246.08620689655172,2.736665044879091,0.08384860724467656
14070000,1.1254896,1.8703011e-05,1.1268548,0.033882815,2.7520718820966206,246.07692307692307,2.752071882669742,0.0809930763923778
14080000,1.1254681,1.8501532e-05,1.1226367,0.03407642,2.7400995698329567,244.6216216216216,2.7373170287658772,0.08724807958222097
14090000,1.1254408,1.8298604e-05,1.1255857,0.03410559,2.7742422803067694,246.05882352941177,2.775512063732514,0.08482055074105468
14100000,1.1254119,1.8099852e-05,1.1252954,0.034056347,2.7626453407349123,246.1290322580645,2.762645342657643,0.08193059611104188
14110000,1.125398,1.7902963e-05,1.1216918,0.034300454,2.7206858283862836,242.0487804878049,2.7206858256604614,0.07498402072389315
14120000,1.1253768,1.7699089e-05,1.1221411,0.034135908,2.730358514861733,243.07843137254903,2.730358515884362,0.07943736164666274
14130000,1.1253648,1.7500042e-05,1.1248437,0.034060325,2.706493905297032,241.55555555555554,2.7064939041932425,0.07690304714358515
14140000,1.125349,1.7306198e-05,1.1227992,0.03413803,2.7621542226250577,242.02439024390245,2.7621542220798934,0.07398964491922681
14150000,1.1253358,1.7102839e-05,1.1225158,0.033975482,2.730906720547115,242.13725490196077,2.730906721423654,0.07761129168976172
14160000,1.1253281,1.6899357e-05,1.124926,0.033954296,2.662348438953531,236.17241379310346,2.6528500699039017,0.0750528358954138
14170000,1.125303,1.6707958e-05,1.1282737,0.033830818,2.790956934067336,246.13636363636363,2.7940090643035043,0.07964607342663739
14180000,1.1252927,1.651077e-05,1.1242939,0.033964116,2.7581110073383464,241.6046511627907,2.7581110108037326,0.0758204717232391
14190000,1.1252779,1.630284e-05,1.1297176,0.033845775,2.758169425357329,242.6578947368421,2.7581694251612614,0.07649635204947308
14200000,1.1252623,1.6101701e-05,1.1239946,0.03390136,2.744636974655665,240.17948717948718,2.7446369733183813,0.07655220938464388
14210000,1.1252502,1.5901558e-05,1.1286722,0.033732355,2.8193882016295735,246.4318181818182,2.8193882019682364,0.07894626636566086
14220000,1.1252062,1.5699923e-05,1.129607,0.03373798,2.7210622090650234,241.47368421052633,2.7210622090650234,0.08011070805552759
14230000,1.125178,1.5506446e-05,1.1302146,0.03368004,2.776670091897249,246.06,2.776670093536377,0.08068191718310118
14240000,1.12515,1.5301619e-05,1.127359,0.03366963,2.7569184330376713,246.06060606060606,2.756918433940772,0.08488655965210813
14250000,1.1251065,1.509724e-05,1.1310412,0.033699244,2.7103676287791667,246.02564102564102,2.7078551273596916,0.07856749829002901
14260000,1.1250924,1.4898151e-05,1.1213671,0.034019288,2.704412199407816,241.16,2.7064010324139223,0.08094775092368033
14270000,1.1250659,1.4698023e-05,1.1235273,0.033817995,2.7370516806840897,241.6969696969697,2.7370516829418414,0.08179247627655666
14280000,1.1250457,1.4501117e-05,1.127605,0.033818778,2.5928194991179874,240.57142857142858,2.5928194974149976,0.07895833903125354
14290000,1.1250305,1.4299942e-05,1.1294395,0.033673093,2.807815801984859,246.0754716981132,2.813235309834664,0.07850801710111018
14300000,1.1249863,1.4097149e-05,1.1305096,0.03349834,2.8020628904923797,246.125,2.7936973914955603,0.08306281268596649
14310000,1.1249716,1.3899936e-05,1.1316714,0.03357325,2.7998795157129113,246.0909090909091,2.7998795157129113,0.08058788311300856
14320000,1.1249312,1.37032575e-05,1.1329583,0.03354125,2.797940038915338,244.6206896551724,2.797069230100565,0.0828305278790363
14330000,1.1249044,1.3500246e-05,1.1303588,0.03368975,2.7219919338822365,236.4814814814815,2.726477080423917,0.07419156647353832
14340000,1.1248854,1.3299305e-05,1.1350384,0.03368724,2.723975642806008,241.07142857142858,2.723975642806008,0.07938150695658155
14350000,1.124861,1.3103511e-05,1.1342753,0.03352455,2.8305418839597185,246.1086956521739,2.8305418854174405,0.08133449014681189
14360000,1.1248542,1.2904397e-05,1.1348455,0.033598248,2.7912528940266177,246.16129032258064,2.791252895709007,0.08397664150763903
14370000,1.1248379,1.2701369e-05,1.1368494,0.033647534,2.7547083993224386,244.80851063829786,2.7547083991639156,0.07909939648147593
14380000,1.1248268,1.2501078e-05,1.1345742,0.033513956,2.786465373262763,246.1,2.7864653751254083,0.08046745965257288
14390000,1.1248208,1.2304159e-05,1.1316046,0.03367188,2.6674134343424263,242.7058823529412,2.667923727496104,0.08800480042048024
14400000,1.12479,1.2108771e-05,1.1320838,0.034114238,2.703341987972357,242.30612244897958,2.6997754811024177,0.09100527793397101
14410000,1.1247768,1.1903422e-05,1.1322796,0.03405031,2.7725923475928798,243.43589743589743,2.7739108538255097,0.08302376377396285
14420000,1.1247466,1.1703349e-05,1.1310613,0.03419569,2.7809243444885525,243.8,2.7809243412954467,0.08337915787207228
14430000,1.1247258,1.1504126e-05,1.1306714,0.034256145,2.7402982799193034,242.94230769230768,2.737793968170881,0.0810539050027728
14440000,1.1247144,1.1300334e-05,1.1334074,0.03405991,2.769696680500227,246.11764705882354,2.7755623374666487,0.08387574856834752
14450000,1.1246892,1.1103566e-05,1.1361907,0.034177236,2.817044386968893,246.05882352941177,2.8117236154420033,0.08041313056434904
14460000,1.1246804,1.0903065e-05,1.1331768,0.03412252,2.798261489123106,246.06,2.798261489868164,0.08119761379435658
14470000,1.1246654,1.0698934e-05,1.1217273,0.03423798,2.671502612738146,240.33333333333334,2.671502609633737,0.07623056456213817
14480000,1.1246481,1.0496657e-05,1.1359237,0.03392783,2.756817687960232,246.14705882352942,2.75681768971331,0.07973720026476418
14490000,1.1246386,1.0298871e-05,1.135815,0.033792857,2.790430686805608,246.30188679245282,2.790430687508493,0.07615620066534798
14500000,1.124606,1.0105068e-05,1.1365,0.03354738,2.7886655558982203,243.29032258064515,2.7886655532544657,0.08057537065037797
14510000,1.1245934,9.906005e-06,1.1319822,0.03359422,2.732173770878996,240.82857142857142,2.7321737730077333,0.07811260137573948
14520000,1.1245756,9.702255e-06,1.137349,0.033388298,2.7802789627953812,246.0185185185185,2.7802789641751184,0.08248727315071004
14530000,1.1245562,9.494775e-06,1.1346687,0.033586707,2.766329760512998,246.1290322580645,2.760926463206609,0.07875362035507957
14540000,1.1245495,9.300663e-06,1.1346066,0.033675797,2.781929819685657,246.09756097560975,2.7854178888457164,0.08547919210312623
14550000,1.1245239,9.104774e-06,1.1303643,0.033669867,2.7679989604239768,244.95744680851064,2.7679989578876087,0.08303334155773863
14560000,1.1245146,8.903703e-06,1.1344213,0.033767186,2.8003184457775205,243.40625,2.8003184469416738,0.08336649817647412
14570000,1.1245043,8.70529e-06,1.1348431,0.0338159,2.812691302479882,246.07894736842104,2.8126913011074066,0.08095686363154336
14580000,1.1244998,8.497719e-06,1.1251091,0.03400889,2.740977373421192,243.66,2.740977372378111,0.08013540568761528
14590000,1.1244956,8.299691e-06,1.13507,0.033781074,2.7649930903027133,246.1290322580645,2.764993086937935,0.0831313775551896
14600000,1.1244831,8.10515e-06,1.1321603,0.03394977,2.780649728263202,245.02173913043478,2.7849627632233833,0.08128629965293739
14610000,1.1244719,7.903135e-06,1.1328533,0.033865493,2.792939564516378,246.04651162790697,2.7882491905580866,0.08335384068248625
14620000,1.1244605,7.704088e-06,1.1337466,0.033914313,2.8054823758701484,245.63333333333333,2.8025631606578827,0.08225729164701921
14630000,1.1244558,7.502272e-06,1.1307847,0.034001727,2.708523801493424,243.09259259259258,2.716857926322604,0.08152411285928397
14640000,1.1244513,7.3028223e-06,1.1311235,0.033976402,2.78037374203696,246.08823529411765,2.7709154863106575,0.08481352411112503
14650000,1.1244401,7.101174e-06,1.1363217,0.034075953,2.819495730358979,246.0344827586207,2.8194957272759797,0.08248023865423326
14660000,1.1244289,6.899251e-06,1.1347988,0.033972163,2.739298910544864,245.43103448275863,2.7392989102879475,0.080188632316502
14670000,1.124421,6.6990197e-06,1.1291192,0.033975184,2.748887627152726,244.6875,2.748887625290081,0.08322841179324314
14680000,1.124406,6.4977294e-06,1.1338017,0.033893622,2.7816252279462237,245.4848484848485,2.781625228397774,0.0854916488751769
14690000,1.1243984,6.302361e-06,1.1317747,0.03397678,2.772303690887847,246.0566037735849,2.772303690325539,0.08624953976920191
14700000,1.1243846,6.0972848e-06,1.1318195,0.03418417,2.7806094713283307,246.15151515151516,2.7806094722314314,0.0848103350197727
14710000,1.12437,5.8966166e-06,1.1336434,0.034203086,2.8057334410292762,246.0857142857143,2.805733440603529,0.08268208551619734
14720000,1.1243644,5.6984777e-06,1.1300949,0.034294758,2.746827970135887,244.30188679245282,2.746827971260503,0.0814519478711036
14730000,1.1243478,5.5016017e-06,1.1325562,0.03436521,2.733646622626111,246.0625,2.7297660977609697,0.08638451260424429
14740000,1.124342,5.304015e-06,1.1331352,0.034415532,2.753757940353574,246.05405405405406,2.767093376201742,0.0886505787151263
14750000,1.1243306,5.1003544e-06,1.1317753,0.03442195,2.739786556887406,242.42592592592592,2.7359902440455923,0.07993242533452678
14760000,1.1243196,4.8981265e-06,1.1252583,0.034520723,2.723008286740099,239.53571428571428,2.7207956588987647,0.0792918952165878
14770000,1.1243149,4.697165e-06,1.1318848,0.0344556,2.7946044919200435,246.15384615384616,2.791150809945287,0.08221465084903143
14780000,1.1243048,4.497676e-06,1.1298352,0.034358516,2.7676606841531455,246.2941176470588,2.7710884921955614,0.08085301576428255
14790000,1.1243001,4.3037935e-06,1.125707,0.034424283,2.659448997117579,235.59375,2.6594489966519177,0.08312007631684537
14800000,1.1242934,4.1081e-06,1.1299063,0.034324374,2.7709664249171815,246.05555555555554,2.7709664238823786,0.0844627811263005
14810000,1.1242855,3.899083e-06,1.1301514,0.03427426,2.7852310070561037,244.1851851851852,2.785231007883946,0.08183154719019378
14820000,1.1242815,3.699975e-06,1.1303153,0.034200013,2.694045720678387,243.5151515151515,2.694045721581488,0.0819088624733867
14830000,1.1242725,3.5059622e-06,1.1313252,0.034272462,2.779177131752173,246.15151515151516,2.782914752761523,0.08100836897889772
14840000,1.1242665,3.3009892e-06,1.1329638,0.034260143,2.8180366179772784,246.08928571428572,2.8141602277755737,0.08296865734697903
14850000,1.1242608,3.0978683e-06,1.1332045,0.03417486,2.7824405218873705,246.03571428571428,2.7824405240161076,0.08517594705335796
14860000,1.1242516,2.9005187e-06,1.1362844,0.034293592,2.8425356828068433,246.10526315789474,2.8425356871203373,0.08447939387865756
14870000,1.1242491,2.7033038e-06,1.1337473,0.034206633,2.7733733196343695,246.01785714285714,2.7725692597302523,0.08101983441209251
14880000,1.1242436,2.5002614e-06,1.1347268,0.034243867,2.772036598995328,246.08333333333334,2.7738589906692503,0.08200578268617392
14890000,1.1242409,2.2989757e-06,1.1243498,0.034627095,2.729049810293046,244.88636363636363,2.7290498091077264,0.08714641887557016
